sample_id,rep,prompt_version,news_desk,model,sentiment,n_chunks,word_count
0,0,A,Business,gpt-4o-mini,-0.20813362890233597,3,889
0,1,A,Business,gpt-4o-mini,-0.6918348781764507,3,850
0,2,A,Business,gpt-4o-mini,-0.9191304299359521,3,748
1,0,A,Business,gpt-4o-mini,0.30173570895567536,3,871
1,1,A,Business,gpt-4o-mini,-0.3934110050710539,3,905
1,2,A,Business,gpt-4o-mini,0.8522291594805816,3,841
2,0,A,Business,gpt-4o-mini,0.9790998722116152,3,894
2,1,A,Business,gpt-4o-mini,0.5274320550573369,3,868
2,2,A,Business,gpt-4o-mini,0.9779144092462957,3,879
3,0,A,Business,gpt-4o-mini,-0.6966085244591037,3,830
3,1,A,Business,gpt-4o-mini,-0.8735687111814817,3,785
3,2,A,Business,gpt-4o-mini,-0.20212251708532372,3,729
4,0,A,Business,gpt-4o-mini,-0.877645272295922,3,899
4,1,A,Business,gpt-4o-mini,-0.2791823484003544,3,927
4,2,A,Business,gpt-4o-mini,-0.9687499282881618,3,867
5,0,A,Business,gpt-4o-mini,0.9452261311622957,3,883
5,1,A,Business,gpt-4o-mini,0.9903960929950699,3,914
5,2,A,Business,gpt-4o-mini,0.5091900501089791,3,892
6,0,A,Business,gpt-4o-mini,0.9546166786458343,4,1012
6,1,A,Business,gpt-4o-mini,0.7415584574143091,3,934
6,2,A,Business,gpt-4o-mini,0.3430705505112807,3,909
7,0,A,Business,gpt-4o-mini,-0.19479824074854454,3,891
7,1,A,Business,gpt-4o-mini,0.16585006875296435,3,904
7,2,A,Business,gpt-4o-mini,-0.3499545883387327,3,930
8,0,A,Business,gpt-4o-mini,-0.3210093944023053,3,765
8,1,A,Business,gpt-4o-mini,-0.3363453516115745,3,838
8,2,A,Business,gpt-4o-mini,-0.3730871472119664,3,832
9,0,A,Business,gpt-4o-mini,0.12661001862337193,3,886
9,1,A,Business,gpt-4o-mini,0.06555748730897903,3,858
9,2,A,Business,gpt-4o-mini,-0.9801904683311781,3,811
10,0,A,Foreign,gpt-4o-mini,0.3441605481008689,3,890
10,1,A,Foreign,gpt-4o-mini,0.9905966428729395,3,932
10,2,A,Foreign,gpt-4o-mini,0.9371698014438152,3,904
11,0,A,Foreign,gpt-4o-mini,0.9426468229309345,3,838
11,1,A,Foreign,gpt-4o-mini,0.6496678016458949,3,964
11,2,A,Foreign,gpt-4o-mini,0.4191562790268411,3,849
12,0,A,Foreign,gpt-4o-mini,0.5004110122099519,3,886
12,1,A,Foreign,gpt-4o-mini,-0.01892677554860711,3,826
12,2,A,Foreign,gpt-4o-mini,0.1481772892487546,3,819
13,0,A,Foreign,gpt-4o-mini,0.8331305804507186,3,782
13,1,A,Foreign,gpt-4o-mini,0.37633531594959396,3,910
13,2,A,Foreign,gpt-4o-mini,0.6260248099764189,3,876
14,0,A,Foreign,gpt-4o-mini,-0.27227960899472237,3,890
14,1,A,Foreign,gpt-4o-mini,0.7039549740341803,3,965
14,2,A,Foreign,gpt-4o-mini,-0.010435218612353006,3,861
15,0,A,Foreign,gpt-4o-mini,0.9899086675917109,3,769
15,1,A,Foreign,gpt-4o-mini,0.9632534670333067,3,810
15,2,A,Foreign,gpt-4o-mini,0.7577678794429327,3,862
16,0,A,Foreign,gpt-4o-mini,0.9330567987635732,3,908
16,1,A,Foreign,gpt-4o-mini,0.9796485377009958,3,903
16,2,A,Foreign,gpt-4o-mini,0.8165808552294038,4,993
17,0,A,Foreign,gpt-4o-mini,0.8493722093602022,3,925
17,1,A,Foreign,gpt-4o-mini,0.9898878099241605,3,912
17,2,A,Foreign,gpt-4o-mini,0.3578292882302776,3,813
18,0,A,Foreign,gpt-4o-mini,0.9989011066888148,3,961
18,1,A,Foreign,gpt-4o-mini,0.9986217713788695,3,879
18,2,A,Foreign,gpt-4o-mini,0.9982623496422699,3,958
19,0,A,Foreign,gpt-4o-mini,0.9938024804966213,3,789
19,1,A,Foreign,gpt-4o-mini,0.9980047100301211,3,710
19,2,A,Foreign,gpt-4o-mini,0.9977331001816007,3,796
0,0,B,Business,gpt-4o-mini,-0.7988569784599046,3,873
0,1,B,Business,gpt-4o-mini,-0.931443804098914,3,826
0,2,B,Business,gpt-4o-mini,0.3317378379094104,3,854
1,0,B,Business,gpt-4o-mini,0.33059556130319834,3,962
1,1,B,Business,gpt-4o-mini,0.9071390914420286,3,965
1,2,B,Business,gpt-4o-mini,0.11653537753348549,3,867
2,0,B,Business,gpt-4o-mini,0.5048997353296727,3,790
2,1,B,Business,gpt-4o-mini,0.9949972284957767,3,937
2,2,B,Business,gpt-4o-mini,0.9907624969879786,3,925
3,0,B,Business,gpt-4o-mini,0.31315810699015856,3,861
3,1,B,Business,gpt-4o-mini,-0.6743935408691565,3,938
3,2,B,Business,gpt-4o-mini,0.4909152587254842,3,874
4,0,B,Business,gpt-4o-mini,-0.8497248456502954,3,942
4,1,B,Business,gpt-4o-mini,0.023063878373553354,3,944
4,2,B,Business,gpt-4o-mini,-0.7924446587761244,3,930
5,0,B,Business,gpt-4o-mini,0.8771476560505107,3,903
5,1,B,Business,gpt-4o-mini,0.9691121778838957,3,906
5,2,B,Business,gpt-4o-mini,0.9941432963047797,3,963
6,0,B,Business,gpt-4o-mini,0.8722350113869956,3,906
6,1,B,Business,gpt-4o-mini,0.2908744290471077,3,961
6,2,B,Business,gpt-4o-mini,0.942331311913828,3,932
7,0,B,Business,gpt-4o-mini,0.2295505255460739,3,887
7,1,B,Business,gpt-4o-mini,0.2573871932302912,3,859
7,2,B,Business,gpt-4o-mini,0.5292963990941644,3,879
8,0,B,Business,gpt-4o-mini,-0.9296415162583193,3,898
8,1,B,Business,gpt-4o-mini,-0.40588290927310783,3,755
8,2,B,Business,gpt-4o-mini,-0.3312323488450299,3,871
9,0,B,Business,gpt-4o-mini,0.8502174265061816,3,959
9,1,B,Business,gpt-4o-mini,-0.33244267975290615,3,946
9,2,B,Business,gpt-4o-mini,0.22037570706258217,3,816
10,0,B,Foreign,gpt-4o-mini,0.9959890528116375,3,974
10,1,B,Foreign,gpt-4o-mini,0.9744646368781105,3,949
10,2,B,Foreign,gpt-4o-mini,0.9982326725536647,3,814
11,0,B,Foreign,gpt-4o-mini,0.9874858233767251,3,906
11,1,B,Foreign,gpt-4o-mini,0.9888940648719048,3,987
11,2,B,Foreign,gpt-4o-mini,0.9933154258178547,3,847
12,0,B,Foreign,gpt-4o-mini,0.3071922721962134,3,768
12,1,B,Foreign,gpt-4o-mini,-0.13877579693992934,3,934
12,2,B,Foreign,gpt-4o-mini,-0.2874365399281184,3,870
13,0,B,Foreign,gpt-4o-mini,0.3303614895946036,3,800
13,1,B,Foreign,gpt-4o-mini,0.8875353921515247,3,776
13,2,B,Foreign,gpt-4o-mini,0.8995249234916022,3,799
14,0,B,Foreign,gpt-4o-mini,0.8100731947536891,3,863
14,1,B,Foreign,gpt-4o-mini,0.8396668912610039,3,936
14,2,B,Foreign,gpt-4o-mini,0.41195076145231724,3,845
15,0,B,Foreign,gpt-4o-mini,0.9330955855548382,3,903
15,1,B,Foreign,gpt-4o-mini,0.8920772599327998,3,900
15,2,B,Foreign,gpt-4o-mini,0.9732836508386148,3,773
16,0,B,Foreign,gpt-4o-mini,0.8558213263750076,3,867
16,1,B,Foreign,gpt-4o-mini,0.9791553062386811,3,875
16,2,B,Foreign,gpt-4o-mini,0.9847055464051664,3,814
17,0,B,Foreign,gpt-4o-mini,0.9616290769384553,3,902
17,1,B,Foreign,gpt-4o-mini,0.36847511073574424,3,946
17,2,B,Foreign,gpt-4o-mini,0.9929862552089617,3,932
18,0,B,Foreign,gpt-4o-mini,0.9988955398051379,3,1025
18,1,B,Foreign,gpt-4o-mini,0.9981080460517356,3,976
18,2,B,Foreign,gpt-4o-mini,0.9984506600061044,3,936
19,0,B,Foreign,gpt-4o-mini,0.9985715158788177,3,877
19,1,B,Foreign,gpt-4o-mini,0.9556532890613502,3,915
19,2,B,Foreign,gpt-4o-mini,0.9975547374730619,3,894
0,0,D,Business,gpt-4o-mini,-0.8837504545226693,2,611
0,1,D,Business,gpt-4o-mini,-0.9716416637723645,3,789
0,2,D,Business,gpt-4o-mini,-0.5130496751517057,3,827
1,0,D,Business,gpt-4o-mini,-0.6219397460420927,3,886
1,1,D,Business,gpt-4o-mini,-0.3084328106294076,3,816
1,2,D,Business,gpt-4o-mini,-0.33348471322096884,3,836
2,0,D,Business,gpt-4o-mini,0.9767326451838017,3,868
2,1,D,Business,gpt-4o-mini,0.3653442844127615,3,787
2,2,D,Business,gpt-4o-mini,0.9817002579414597,3,884
3,0,D,Business,gpt-4o-mini,-0.6119561952461178,3,811
3,1,D,Business,gpt-4o-mini,-0.796394690250357,3,775
3,2,D,Business,gpt-4o-mini,-0.9104085862636566,3,850
4,0,D,Business,gpt-4o-mini,-0.3116486805180709,3,852
4,1,D,Business,gpt-4o-mini,-0.9714709160228571,3,856
4,2,D,Business,gpt-4o-mini,-0.33998569784065086,3,899
5,0,D,Business,gpt-4o-mini,0.4357600634296735,3,868
5,1,D,Business,gpt-4o-mini,0.8436832943310341,3,827
5,2,D,Business,gpt-4o-mini,0.912351429151992,3,900
6,0,D,Business,gpt-4o-mini,-0.4380534862478574,3,843
6,1,D,Business,gpt-4o-mini,-0.19751678748677173,3,928
6,2,D,Business,gpt-4o-mini,0.2042664404337605,3,902
7,0,D,Business,gpt-4o-mini,-0.28659171611070633,3,799
7,1,D,Business,gpt-4o-mini,-0.9159762334699432,3,865
7,2,D,Business,gpt-4o-mini,0.31126329489052296,3,837
8,0,D,Business,gpt-4o-mini,-0.3390203402377665,3,753
8,1,D,Business,gpt-4o-mini,-0.7847364656627178,3,805
8,2,D,Business,gpt-4o-mini,-0.32443031086586416,3,877
9,0,D,Business,gpt-4o-mini,-0.9701356107058624,3,746
9,1,D,Business,gpt-4o-mini,-0.9487729434234401,3,896
9,2,D,Business,gpt-4o-mini,-0.22704549801225463,3,840
10,0,D,Foreign,gpt-4o-mini,0.9506541312051316,3,847
10,1,D,Foreign,gpt-4o-mini,0.9635762187341849,3,817
10,2,D,Foreign,gpt-4o-mini,0.944106214834998,3,887
11,0,D,Foreign,gpt-4o-mini,0.32819194649346173,3,876
11,1,D,Foreign,gpt-4o-mini,0.9109232521926364,3,911
11,2,D,Foreign,gpt-4o-mini,0.3471350957794736,3,899
12,0,D,Foreign,gpt-4o-mini,-0.13696668234964213,3,853
12,1,D,Foreign,gpt-4o-mini,0.05967960755030314,3,809
12,2,D,Foreign,gpt-4o-mini,-0.30907258193474263,3,739
13,0,D,Foreign,gpt-4o-mini,-0.19880337826907635,3,957
13,1,D,Foreign,gpt-4o-mini,-0.029920630273409188,3,846
13,2,D,Foreign,gpt-4o-mini,0.651096949664255,3,856
14,0,D,Foreign,gpt-4o-mini,0.13960460759699345,3,817
14,1,D,Foreign,gpt-4o-mini,-0.2607979003029565,3,898
14,2,D,Foreign,gpt-4o-mini,-0.15432254939029613,3,820
15,0,D,Foreign,gpt-4o-mini,0.9756782817809532,3,844
15,1,D,Foreign,gpt-4o-mini,0.3611295978189446,3,746
15,2,D,Foreign,gpt-4o-mini,0.33393193525262177,3,901
16,0,D,Foreign,gpt-4o-mini,0.45118615811225027,3,745
16,1,D,Foreign,gpt-4o-mini,0.5536151003713409,3,769
16,2,D,Foreign,gpt-4o-mini,0.43658537107209366,3,850
17,0,D,Foreign,gpt-4o-mini,-0.792836777245005,3,813
17,1,D,Foreign,gpt-4o-mini,-0.39096122483412427,3,816
17,2,D,Foreign,gpt-4o-mini,0.676552873182421,3,757
18,0,D,Foreign,gpt-4o-mini,0.9582007831195369,3,867
18,1,D,Foreign,gpt-4o-mini,0.971657933977743,3,885
18,2,D,Foreign,gpt-4o-mini,0.9485994424515715,3,836
19,0,D,Foreign,gpt-4o-mini,0.8760026909100512,3,833
19,1,D,Foreign,gpt-4o-mini,0.5408364847147217,3,792
19,2,D,Foreign,gpt-4o-mini,0.9910890557803214,3,744
0,0,E,Business,gpt-4o-mini,-0.3268945742553721,3,709
0,1,E,Business,gpt-4o-mini,0.02699728077277541,3,754
0,2,E,Business,gpt-4o-mini,-0.38214912203450996,3,730
1,0,E,Business,gpt-4o-mini,-0.14965679744879404,3,759
1,1,E,Business,gpt-4o-mini,-0.3489963879498343,3,801
1,2,E,Business,gpt-4o-mini,-0.9848857747080425,3,782
2,0,E,Business,gpt-4o-mini,0.40529272231894237,3,865
2,1,E,Business,gpt-4o-mini,0.33457864572604495,3,818
2,2,E,Business,gpt-4o-mini,0.9143715711931387,3,805
3,0,E,Business,gpt-4o-mini,-0.8854069902251164,3,761
3,1,E,Business,gpt-4o-mini,-0.8194260980623463,3,777
3,2,E,Business,gpt-4o-mini,-0.4111226654301087,3,813
4,0,E,Business,gpt-4o-mini,-0.4446724575633804,3,833
4,1,E,Business,gpt-4o-mini,-0.49770141517122585,3,753
4,2,E,Business,gpt-4o-mini,-0.32110857653121155,3,834
5,0,E,Business,gpt-4o-mini,0.9052524060631791,3,749
5,1,E,Business,gpt-4o-mini,0.5710034928439806,3,787
5,2,E,Business,gpt-4o-mini,0.8659263259420792,3,763
6,0,E,Business,gpt-4o-mini,-0.554149524619182,3,847
6,1,E,Business,gpt-4o-mini,-0.2526041908810536,3,822
6,2,E,Business,gpt-4o-mini,0.03735441885267695,3,815
7,0,E,Business,gpt-4o-mini,-0.3240983287493388,3,812
7,1,E,Business,gpt-4o-mini,-0.22410297921548286,3,820
7,2,E,Business,gpt-4o-mini,-0.410238154232502,3,785
8,0,E,Business,gpt-4o-mini,-0.31669173218930763,3,798
8,1,E,Business,gpt-4o-mini,-0.4696354898624122,3,808
8,2,E,Business,gpt-4o-mini,-0.4027218932363515,3,815
9,0,E,Business,gpt-4o-mini,-0.9735110675295194,3,736
9,1,E,Business,gpt-4o-mini,-0.0006006176893909773,3,813
9,2,E,Business,gpt-4o-mini,0.3257064533730348,3,811
10,0,E,Foreign,gpt-4o-mini,0.46843135977784794,3,789
10,1,E,Foreign,gpt-4o-mini,0.6834688007365912,3,710
10,2,E,Foreign,gpt-4o-mini,0.9788072456916174,3,780
11,0,E,Foreign,gpt-4o-mini,0.9602367349434644,3,835
11,1,E,Foreign,gpt-4o-mini,-0.0038605270286401114,3,754
11,2,E,Foreign,gpt-4o-mini,0.9750065072439611,3,830
12,0,E,Foreign,gpt-4o-mini,-0.2970127387282749,3,832
12,1,E,Foreign,gpt-4o-mini,0.6250969134271145,3,796
12,2,E,Foreign,gpt-4o-mini,-0.9019778519868851,3,773
13,0,E,Foreign,gpt-4o-mini,-0.32881447734932107,3,812
13,1,E,Foreign,gpt-4o-mini,0.07106928672874346,3,735
13,2,E,Foreign,gpt-4o-mini,0.899161524643811,3,820
14,0,E,Foreign,gpt-4o-mini,-0.3458619782080253,3,832
14,1,E,Foreign,gpt-4o-mini,-0.28848121749858063,3,822
14,2,E,Foreign,gpt-4o-mini,-0.12932717505221566,3,806
15,0,E,Foreign,gpt-4o-mini,0.9126996131769071,3,724
15,1,E,Foreign,gpt-4o-mini,0.8952070867332319,3,846
15,2,E,Foreign,gpt-4o-mini,0.9604677266906947,3,770
16,0,E,Foreign,gpt-4o-mini,0.9750496515189297,3,741
16,1,E,Foreign,gpt-4o-mini,0.32312392567594844,3,867
16,2,E,Foreign,gpt-4o-mini,0.023937045596539974,2,612
17,0,E,Foreign,gpt-4o-mini,0.7489464477015039,3,747
17,1,E,Foreign,gpt-4o-mini,0.8659103537987297,3,724
17,2,E,Foreign,gpt-4o-mini,0.005527551596363385,3,854
18,0,E,Foreign,gpt-4o-mini,0.9866334970574826,3,786
18,1,E,Foreign,gpt-4o-mini,0.985111019826339,3,732
18,2,E,Foreign,gpt-4o-mini,0.9972830723272637,3,809
19,0,E,Foreign,gpt-4o-mini,0.9945857286608467,3,805
19,1,E,Foreign,gpt-4o-mini,0.9788250558000678,3,773
19,2,E,Foreign,gpt-4o-mini,0.9939235498701843,3,786
20,0,A,Business,gpt-4o-mini,-0.25658654219781357,3,878
20,1,A,Business,gpt-4o-mini,-0.1967322596659263,3,1002
20,2,A,Business,gpt-4o-mini,0.32513610599562526,3,896
21,0,A,Business,gpt-4o-mini,0.6738905782500902,3,895
21,1,A,Business,gpt-4o-mini,0.9662539370668431,3,848
21,2,A,Business,gpt-4o-mini,0.3360509538712601,3,872
22,0,A,Business,gpt-4o-mini,-0.31513466499745846,3,905
22,1,A,Business,gpt-4o-mini,-0.328391517046839,3,923
22,2,A,Business,gpt-4o-mini,-0.31516790366731584,3,847
23,0,A,Business,gpt-4o-mini,-0.2591870306059718,3,855
23,1,A,Business,gpt-4o-mini,0.17247960964838663,3,816
23,2,A,Business,gpt-4o-mini,0.1386986623207728,3,924
24,0,A,Business,gpt-4o-mini,0.3464265092043206,3,973
24,1,A,Business,gpt-4o-mini,-0.10196163435466588,3,962
24,2,A,Business,gpt-4o-mini,-0.015938195399940014,3,968
25,0,A,Business,gpt-4o-mini,0.9185936093951265,3,834
25,1,A,Business,gpt-4o-mini,0.36847908919056255,3,917
25,2,A,Business,gpt-4o-mini,0.36559736418227357,3,866
26,0,A,Business,gpt-4o-mini,-0.09909360483288765,3,898
26,1,A,Business,gpt-4o-mini,-0.7343521915997068,3,867
26,2,A,Business,gpt-4o-mini,-0.3314917701451729,3,914
27,0,A,Business,gpt-4o-mini,-0.18096271933366856,3,867
27,1,A,Business,gpt-4o-mini,-0.2412301947673162,3,875
27,2,A,Business,gpt-4o-mini,0.21006616422285637,3,850
28,0,A,Business,gpt-4o-mini,0.12121629916752379,3,921
28,1,A,Business,gpt-4o-mini,0.8540075469451646,3,889
28,2,A,Business,gpt-4o-mini,0.2995519693940878,3,921
29,0,A,Business,gpt-4o-mini,0.546089842915535,3,943
29,1,A,Business,gpt-4o-mini,0.7116360850632191,3,953
29,2,A,Business,gpt-4o-mini,0.9784388276020763,4,988
30,0,A,Business,gpt-4o-mini,0.361190411572655,3,881
30,1,A,Business,gpt-4o-mini,0.9861745442419002,3,859
30,2,A,Business,gpt-4o-mini,0.9545568817217523,3,877
31,0,A,Business,gpt-4o-mini,0.9317663333689173,3,889
31,1,A,Business,gpt-4o-mini,0.8855739580467343,3,866
31,2,A,Business,gpt-4o-mini,0.12559135320285955,3,843
32,0,A,Business,gpt-4o-mini,0.6715903569323322,3,863
32,1,A,Business,gpt-4o-mini,0.30234023680289585,3,967
32,2,A,Business,gpt-4o-mini,0.12435952015221119,3,808
33,0,A,Business,gpt-4o-mini,-0.9946994289057329,3,898
33,1,A,Business,gpt-4o-mini,-0.9771533804014325,3,925
33,2,A,Business,gpt-4o-mini,-0.5089188567362726,3,918
34,0,A,Business,gpt-4o-mini,-0.3498582245471577,3,880
34,1,A,Business,gpt-4o-mini,-0.35820523199314874,3,814
34,2,A,Business,gpt-4o-mini,-0.14152473956346512,3,811
35,0,A,Business,gpt-4o-mini,0.9901532319684824,3,975
35,1,A,Business,gpt-4o-mini,0.9866771622716138,3,784
35,2,A,Business,gpt-4o-mini,0.9655801549864312,3,896
36,0,A,Business,gpt-4o-mini,-0.21748202542463937,3,795
36,1,A,Business,gpt-4o-mini,-0.6428858187670509,3,880
36,2,A,Business,gpt-4o-mini,0.29814859572798014,3,867
37,0,A,Business,gpt-4o-mini,-0.7057123826816678,3,884
37,1,A,Business,gpt-4o-mini,-0.4345124503597617,3,835
37,2,A,Business,gpt-4o-mini,-0.8492871622244517,3,793
38,0,A,Business,gpt-4o-mini,-0.7982049671312174,3,923
38,1,A,Business,gpt-4o-mini,0.20274711245050034,3,778
38,2,A,Business,gpt-4o-mini,-0.9044922854130467,3,800
39,0,A,Business,gpt-4o-mini,0.4105371739715338,3,953
39,1,A,Business,gpt-4o-mini,0.1442779873808225,3,949
39,2,A,Business,gpt-4o-mini,0.14139360437790552,3,919
40,0,A,Business,gpt-4o-mini,-0.38481988447407883,3,873
40,1,A,Business,gpt-4o-mini,-0.9330055010505021,3,897
40,2,A,Business,gpt-4o-mini,-0.3761611612668882,3,811
41,0,A,Business,gpt-4o-mini,-0.6127030483136574,3,828
41,1,A,Business,gpt-4o-mini,-0.32370551163330674,3,880
41,2,A,Business,gpt-4o-mini,-0.24412773025687784,3,844
42,0,A,Business,gpt-4o-mini,0.996825949793371,3,830
42,1,A,Business,gpt-4o-mini,0.9982391572169339,3,800
42,2,A,Business,gpt-4o-mini,0.9979332251629481,3,814
43,0,A,Business,gpt-4o-mini,0.8048311540236076,3,890
43,1,A,Business,gpt-4o-mini,0.5074550666225454,3,921
43,2,A,Business,gpt-4o-mini,0.7584459134377539,3,845
44,0,A,Business,gpt-4o-mini,-0.009936873645832142,3,843
44,1,A,Business,gpt-4o-mini,-0.983595505512009,3,889
44,2,A,Business,gpt-4o-mini,-0.47263639482359093,3,876
45,0,A,Business,gpt-4o-mini,-0.5814019589064022,3,813
45,1,A,Business,gpt-4o-mini,0.32177391337851685,3,909
45,2,A,Business,gpt-4o-mini,-0.3512476235628128,3,838
46,0,A,Business,gpt-4o-mini,0.9927488394702474,3,932
46,1,A,Business,gpt-4o-mini,0.9929816993729522,3,866
46,2,A,Business,gpt-4o-mini,0.41376910684630275,3,875
47,0,A,Business,gpt-4o-mini,0.23475597302118936,3,902
47,1,A,Business,gpt-4o-mini,0.3161344323307276,3,868
47,2,A,Business,gpt-4o-mini,-0.3243160314547519,3,836
48,0,A,Business,gpt-4o-mini,0.3368819020688534,3,848
48,1,A,Business,gpt-4o-mini,0.3082414101809263,3,892
48,2,A,Business,gpt-4o-mini,0.27937917225062847,3,848
49,0,A,Business,gpt-4o-mini,0.0134669728577137,3,855
49,1,A,Business,gpt-4o-mini,-0.21991053347786269,3,829
49,2,A,Business,gpt-4o-mini,0.5449227993376553,3,852
50,0,A,Foreign,gpt-4o-mini,0.22664839029312134,3,955
50,1,A,Foreign,gpt-4o-mini,-0.36088015604764223,3,951
50,2,A,Foreign,gpt-4o-mini,0.4178934266480307,3,894
51,0,A,Foreign,gpt-4o-mini,0.9352006022818387,3,888
51,1,A,Foreign,gpt-4o-mini,0.2148387332757314,3,874
51,2,A,Foreign,gpt-4o-mini,0.9225723566099381,3,909
52,0,A,Foreign,gpt-4o-mini,0.9455398777499795,3,893
52,1,A,Foreign,gpt-4o-mini,0.39386174354391795,3,755
52,2,A,Foreign,gpt-4o-mini,0.9908201579237357,3,844
53,0,A,Foreign,gpt-4o-mini,-0.16930087933239216,3,720
53,1,A,Foreign,gpt-4o-mini,0.14335944751898447,3,729
53,2,A,Foreign,gpt-4o-mini,-0.34909081148604554,3,852
54,0,A,Foreign,gpt-4o-mini,0.9680889019121727,3,833
54,1,A,Foreign,gpt-4o-mini,0.8677644723405441,3,842
54,2,A,Foreign,gpt-4o-mini,0.38726633818199235,3,915
55,0,A,Foreign,gpt-4o-mini,0.31020780466496944,3,830
55,1,A,Foreign,gpt-4o-mini,0.0536076792050153,3,804
55,2,A,Foreign,gpt-4o-mini,-0.12612508066619435,3,774
56,0,A,Foreign,gpt-4o-mini,-0.32938257108132046,3,864
56,1,A,Foreign,gpt-4o-mini,-0.28458907393117744,3,773
56,2,A,Foreign,gpt-4o-mini,-0.3960949170092742,3,837
57,0,A,Foreign,gpt-4o-mini,0.18614724247405925,3,878
57,1,A,Foreign,gpt-4o-mini,-0.3143676118925214,3,911
57,2,A,Foreign,gpt-4o-mini,0.7190170350174109,3,879
58,0,A,Foreign,gpt-4o-mini,0.9934749481811499,3,792
58,1,A,Foreign,gpt-4o-mini,0.8991852203810898,3,872
58,2,A,Foreign,gpt-4o-mini,0.9815541974579295,3,899
59,0,A,Foreign,gpt-4o-mini,0.726262945914641,3,879
59,1,A,Foreign,gpt-4o-mini,0.984125015248234,3,759
59,2,A,Foreign,gpt-4o-mini,0.3796391817741096,3,795
60,0,A,Foreign,gpt-4o-mini,0.9704802194610238,3,861
60,1,A,Foreign,gpt-4o-mini,0.4138043588027358,3,852
60,2,A,Foreign,gpt-4o-mini,-0.22206795619179806,3,948
61,0,A,Foreign,gpt-4o-mini,0.5299733801123997,3,752
61,1,A,Foreign,gpt-4o-mini,-0.026790070075852174,3,748
61,2,A,Foreign,gpt-4o-mini,0.651714293907086,3,738
62,0,A,Foreign,gpt-4o-mini,-0.31386175317068893,3,860
62,1,A,Foreign,gpt-4o-mini,-0.8342586340537915,3,794
62,2,A,Foreign,gpt-4o-mini,-0.7846770243098339,3,812
63,0,A,Foreign,gpt-4o-mini,0.8904226323744903,3,759
63,1,A,Foreign,gpt-4o-mini,0.985251183854416,2,656
63,2,A,Foreign,gpt-4o-mini,0.9864588337950408,2,677
64,0,A,Foreign,gpt-4o-mini,0.1536662019789219,3,922
64,1,A,Foreign,gpt-4o-mini,-0.1692046175400416,3,932
64,2,A,Foreign,gpt-4o-mini,0.7285138194759687,3,910
65,0,A,Foreign,gpt-4o-mini,-0.2502811811864376,3,912
65,1,A,Foreign,gpt-4o-mini,0.17151427920907736,3,832
65,2,A,Foreign,gpt-4o-mini,-0.32027559673103195,3,822
66,0,A,Foreign,gpt-4o-mini,0.7257094290107489,3,936
66,1,A,Foreign,gpt-4o-mini,0.43546793997908634,3,896
66,2,A,Foreign,gpt-4o-mini,-0.31538468816628057,3,838
67,0,A,Foreign,gpt-4o-mini,0.7775728752215704,3,965
67,1,A,Foreign,gpt-4o-mini,-0.31748922013988096,3,993
67,2,A,Foreign,gpt-4o-mini,0.9104716112681975,3,934
68,0,A,Foreign,gpt-4o-mini,0.9692831831052899,3,899
68,1,A,Foreign,gpt-4o-mini,0.3718913138533632,3,766
68,2,A,Foreign,gpt-4o-mini,0.6409708939803144,3,842
69,0,A,Foreign,gpt-4o-mini,0.5258172388130333,4,957
69,1,A,Foreign,gpt-4o-mini,0.23617826402187347,3,885
69,2,A,Foreign,gpt-4o-mini,0.5731266527436674,3,915
70,0,A,Foreign,gpt-4o-mini,0.9770012178147832,3,935
70,1,A,Foreign,gpt-4o-mini,0.9696695661793152,3,879
70,2,A,Foreign,gpt-4o-mini,0.9586294271284714,3,932
71,0,A,Foreign,gpt-4o-mini,-0.30956997186876833,3,878
71,1,A,Foreign,gpt-4o-mini,0.033651720732450485,3,863
71,2,A,Foreign,gpt-4o-mini,-0.4974660625060399,3,928
72,0,A,Foreign,gpt-4o-mini,0.31850474638243514,3,892
72,1,A,Foreign,gpt-4o-mini,0.954295210307464,3,831
72,2,A,Foreign,gpt-4o-mini,0.36712359233448905,3,899
73,0,A,Foreign,gpt-4o-mini,-0.27413893428941566,3,776
73,1,A,Foreign,gpt-4o-mini,-0.2640938429782788,3,937
73,2,A,Foreign,gpt-4o-mini,-0.13243528579672179,3,876
74,0,A,Foreign,gpt-4o-mini,0.3709554287294547,3,880
74,1,A,Foreign,gpt-4o-mini,-0.10040887910872698,3,798
74,2,A,Foreign,gpt-4o-mini,0.005479389801621437,3,872
75,0,A,Foreign,gpt-4o-mini,0.9837701745952169,3,853
75,1,A,Foreign,gpt-4o-mini,0.9761180938221514,3,875
75,2,A,Foreign,gpt-4o-mini,0.9745194441638887,3,891
76,0,A,Foreign,gpt-4o-mini,0.9986029884166783,3,748
76,1,A,Foreign,gpt-4o-mini,0.9930135824833997,3,812
76,2,A,Foreign,gpt-4o-mini,0.9965485560048061,3,887
77,0,A,Foreign,gpt-4o-mini,0.18866009909349182,3,877
77,1,A,Foreign,gpt-4o-mini,0.31419953308068216,3,858
77,2,A,Foreign,gpt-4o-mini,0.7787012700379515,3,840
78,0,A,Foreign,gpt-4o-mini,0.3296885861394306,3,876
78,1,A,Foreign,gpt-4o-mini,0.6258089275409778,3,913
78,2,A,Foreign,gpt-4o-mini,0.9230374818046888,3,909
79,0,A,Foreign,gpt-4o-mini,-0.4418257987126708,3,834
79,1,A,Foreign,gpt-4o-mini,-0.32848200186466175,3,854
79,2,A,Foreign,gpt-4o-mini,0.3197568828860919,3,708
20,0,B,Business,gpt-4o-mini,0.8512308383360505,3,831
20,1,B,Business,gpt-4o-mini,0.6415610328161468,3,997
20,2,B,Business,gpt-4o-mini,0.3270514328032732,3,980
21,0,B,Business,gpt-4o-mini,0.9803920259388784,3,830
21,1,B,Business,gpt-4o-mini,0.9866438522779694,3,822
21,2,B,Business,gpt-4o-mini,0.9696134905874109,3,842
22,0,B,Business,gpt-4o-mini,0.010268334299325943,3,766
22,1,B,Business,gpt-4o-mini,0.20834074138353267,3,905
22,2,B,Business,gpt-4o-mini,0.12235533694426219,3,898
23,0,B,Business,gpt-4o-mini,0.2402532728544126,3,802
23,1,B,Business,gpt-4o-mini,0.9224804712769886,3,944
23,2,B,Business,gpt-4o-mini,-0.2544583890897532,3,887
24,0,B,Business,gpt-4o-mini,0.46056988400717574,3,960
24,1,B,Business,gpt-4o-mini,0.34283841870880377,3,989
24,2,B,Business,gpt-4o-mini,0.09091113787144423,4,956
25,0,B,Business,gpt-4o-mini,0.36336859160413343,3,872
25,1,B,Business,gpt-4o-mini,0.9019529328603918,3,861
25,2,B,Business,gpt-4o-mini,0.9281900340380768,3,928
26,0,B,Business,gpt-4o-mini,-0.33457690523937345,3,882
26,1,B,Business,gpt-4o-mini,-0.31377764387677115,3,900
26,2,B,Business,gpt-4o-mini,-0.3267420958727598,3,866
27,0,B,Business,gpt-4o-mini,-0.24266352939109007,3,924
27,1,B,Business,gpt-4o-mini,0.3096796826769908,3,927
27,2,B,Business,gpt-4o-mini,-0.2561330158884327,3,836
28,0,B,Business,gpt-4o-mini,0.29839399037882686,3,895
28,1,B,Business,gpt-4o-mini,0.31879398847619694,3,880
28,2,B,Business,gpt-4o-mini,-0.32618923485279083,3,948
29,0,B,Business,gpt-4o-mini,0.9826414999552071,3,910
29,1,B,Business,gpt-4o-mini,0.980719457147643,3,829
29,2,B,Business,gpt-4o-mini,0.9941149704003086,3,897
30,0,B,Business,gpt-4o-mini,0.9598370276701947,3,915
30,1,B,Business,gpt-4o-mini,0.3402054076238225,3,909
30,2,B,Business,gpt-4o-mini,0.8226237535321465,3,884
31,0,B,Business,gpt-4o-mini,0.9131294737259547,3,967
31,1,B,Business,gpt-4o-mini,0.8830086594292273,3,946
31,2,B,Business,gpt-4o-mini,0.969950140764316,3,910
32,0,B,Business,gpt-4o-mini,0.9870537483754257,3,915
32,1,B,Business,gpt-4o-mini,0.663549822444717,3,891
32,2,B,Business,gpt-4o-mini,0.8747994009560595,3,921
33,0,B,Business,gpt-4o-mini,-0.3164688937055568,3,895
33,1,B,Business,gpt-4o-mini,-0.9549750242537508,3,1015
33,2,B,Business,gpt-4o-mini,-0.5376213883670667,3,991
34,0,B,Business,gpt-4o-mini,-0.3382919051218778,3,886
34,1,B,Business,gpt-4o-mini,-0.7157825309162339,3,918
34,2,B,Business,gpt-4o-mini,-0.1768028170336038,3,886
35,0,B,Business,gpt-4o-mini,0.9962649410590529,3,965
35,1,B,Business,gpt-4o-mini,0.8753793352128317,3,890
35,2,B,Business,gpt-4o-mini,0.9920433721272275,3,943
36,0,B,Business,gpt-4o-mini,-0.32993330255461234,3,834
36,1,B,Business,gpt-4o-mini,-0.3269347573320071,3,885
36,2,B,Business,gpt-4o-mini,-0.1500239932599167,3,878
37,0,B,Business,gpt-4o-mini,-0.3474408033459137,3,835
37,1,B,Business,gpt-4o-mini,-0.5138646778650582,3,904
37,2,B,Business,gpt-4o-mini,-0.8963435857246319,3,809
38,0,B,Business,gpt-4o-mini,-0.7067815106905376,3,861
38,1,B,Business,gpt-4o-mini,-0.638838597437522,3,869
38,2,B,Business,gpt-4o-mini,-0.9605329248588532,3,934
39,0,B,Business,gpt-4o-mini,0.5321849092530707,3,921
39,1,B,Business,gpt-4o-mini,0.6910558414335052,3,923
39,2,B,Business,gpt-4o-mini,0.8267443620910248,3,985
40,0,B,Business,gpt-4o-mini,-0.3097639611611764,3,882
40,1,B,Business,gpt-4o-mini,-0.3177422843873501,3,939
40,2,B,Business,gpt-4o-mini,0.3697148699623843,3,886
41,0,B,Business,gpt-4o-mini,-0.6958080239128321,3,892
41,1,B,Business,gpt-4o-mini,-0.9081067784378926,3,939
41,2,B,Business,gpt-4o-mini,-0.23445239407010376,3,943
42,0,B,Business,gpt-4o-mini,0.9984215778434494,3,893
42,1,B,Business,gpt-4o-mini,0.9988012502629621,3,931
42,2,B,Business,gpt-4o-mini,0.9968308631990416,3,846
43,0,B,Business,gpt-4o-mini,0.47719147785877186,3,878
43,1,B,Business,gpt-4o-mini,0.9621381542334954,3,936
43,2,B,Business,gpt-4o-mini,0.9525175247496614,3,906
44,0,B,Business,gpt-4o-mini,-0.06425406597554684,3,906
44,1,B,Business,gpt-4o-mini,0.28052017170314986,3,961
44,2,B,Business,gpt-4o-mini,-0.7899060621857643,3,869
45,0,B,Business,gpt-4o-mini,-0.9160899432996908,3,982
45,1,B,Business,gpt-4o-mini,-0.8624262176454067,3,919
45,2,B,Business,gpt-4o-mini,0.31182513820628327,3,830
46,0,B,Business,gpt-4o-mini,0.9910302036829913,3,884
46,1,B,Business,gpt-4o-mini,0.9883386387955397,3,965
46,2,B,Business,gpt-4o-mini,0.9805541250389069,3,980
47,0,B,Business,gpt-4o-mini,0.21666029375046492,3,794
47,1,B,Business,gpt-4o-mini,0.3661548304371536,3,965
47,2,B,Business,gpt-4o-mini,0.7518093960049251,3,959
48,0,B,Business,gpt-4o-mini,0.4415989595775803,3,842
48,1,B,Business,gpt-4o-mini,0.34423271636478603,3,788
48,2,B,Business,gpt-4o-mini,-0.49150617606937885,3,856
49,0,B,Business,gpt-4o-mini,-0.29917155640820664,3,855
49,1,B,Business,gpt-4o-mini,-0.2951937736943364,3,924
49,2,B,Business,gpt-4o-mini,0.1804582399005691,3,804
50,0,B,Foreign,gpt-4o-mini,0.03992467001080513,3,900
50,1,B,Foreign,gpt-4o-mini,0.40729387445996207,3,964
50,2,B,Foreign,gpt-4o-mini,0.13715278481443724,3,991
51,0,B,Foreign,gpt-4o-mini,0.3252815504868825,3,925
51,1,B,Foreign,gpt-4o-mini,0.5557845922497412,3,860
51,2,B,Foreign,gpt-4o-mini,0.8441106528043747,3,896
52,0,B,Foreign,gpt-4o-mini,0.9849546845459068,3,769
52,1,B,Foreign,gpt-4o-mini,0.9786438105705505,3,938
52,2,B,Foreign,gpt-4o-mini,0.9944397576230889,3,847
53,0,B,Foreign,gpt-4o-mini,0.18794523303707442,3,842
53,1,B,Foreign,gpt-4o-mini,0.3456640946678817,3,866
53,2,B,Foreign,gpt-4o-mini,-0.41690302826464176,3,853
54,0,B,Foreign,gpt-4o-mini,0.8243993524617205,3,832
54,1,B,Foreign,gpt-4o-mini,0.9589094631373882,4,960
54,2,B,Foreign,gpt-4o-mini,0.9413154177212467,3,841
55,0,B,Foreign,gpt-4o-mini,0.18186709517613053,3,931
55,1,B,Foreign,gpt-4o-mini,0.2917778582001726,3,919
55,2,B,Foreign,gpt-4o-mini,-0.14098728556806842,3,970
56,0,B,Foreign,gpt-4o-mini,0.4013267228535066,3,857
56,1,B,Foreign,gpt-4o-mini,0.396267748127381,3,815
56,2,B,Foreign,gpt-4o-mini,0.26779444453616935,3,923
57,0,B,Foreign,gpt-4o-mini,-0.09765286891100307,3,935
57,1,B,Foreign,gpt-4o-mini,0.36764088990942884,3,854
57,2,B,Foreign,gpt-4o-mini,0.9023591304818789,3,886
58,0,B,Foreign,gpt-4o-mini,0.9906316023746816,3,977
58,1,B,Foreign,gpt-4o-mini,0.9977545164098652,3,957
58,2,B,Foreign,gpt-4o-mini,0.9976631462341174,3,1018
59,0,B,Foreign,gpt-4o-mini,0.9897728362120688,4,1059
59,1,B,Foreign,gpt-4o-mini,0.8158193551935256,3,974
59,2,B,Foreign,gpt-4o-mini,0.9820562557627758,3,918
60,0,B,Foreign,gpt-4o-mini,0.985044099856168,3,861
60,1,B,Foreign,gpt-4o-mini,0.9493031844807168,3,854
60,2,B,Foreign,gpt-4o-mini,0.4982383983830611,3,897
61,0,B,Foreign,gpt-4o-mini,0.9677613817621022,3,834
61,1,B,Foreign,gpt-4o-mini,-0.019649761263281107,2,694
61,2,B,Foreign,gpt-4o-mini,0.9508197386749089,3,883
62,0,B,Foreign,gpt-4o-mini,-0.9041018000959108,3,894
62,1,B,Foreign,gpt-4o-mini,-0.267857293287913,3,781
62,2,B,Foreign,gpt-4o-mini,-0.11007272902255257,3,916
63,0,B,Foreign,gpt-4o-mini,0.969114943795527,3,884
63,1,B,Foreign,gpt-4o-mini,0.9635084508530175,3,830
63,2,B,Foreign,gpt-4o-mini,0.9766797989917299,3,832
64,0,B,Foreign,gpt-4o-mini,0.29063801125933725,3,900
64,1,B,Foreign,gpt-4o-mini,0.26893239965041477,3,898
64,2,B,Foreign,gpt-4o-mini,-0.0614933956724902,3,851
65,0,B,Foreign,gpt-4o-mini,0.3578143420939644,3,950
65,1,B,Foreign,gpt-4o-mini,-0.3771472213168939,3,900
65,2,B,Foreign,gpt-4o-mini,0.7010324041669568,3,800
66,0,B,Foreign,gpt-4o-mini,0.37710380119582015,3,897
66,1,B,Foreign,gpt-4o-mini,0.5362021692562848,4,985
66,2,B,Foreign,gpt-4o-mini,0.9168634742576008,3,839
67,0,B,Foreign,gpt-4o-mini,0.2462441585958004,3,941
67,1,B,Foreign,gpt-4o-mini,-0.006251540015606831,3,803
67,2,B,Foreign,gpt-4o-mini,0.41304534099375206,3,925
68,0,B,Foreign,gpt-4o-mini,0.5093206185847521,3,855
68,1,B,Foreign,gpt-4o-mini,0.944970523317655,3,947
68,2,B,Foreign,gpt-4o-mini,0.413089033216238,3,935
69,0,B,Foreign,gpt-4o-mini,0.9777427703763047,3,882
69,1,B,Foreign,gpt-4o-mini,0.9634798600648841,3,902
69,2,B,Foreign,gpt-4o-mini,0.989146946153293,3,935
70,0,B,Foreign,gpt-4o-mini,0.9906476301839575,3,986
70,1,B,Foreign,gpt-4o-mini,0.9825831222115085,3,965
70,2,B,Foreign,gpt-4o-mini,0.9720353265292943,3,960
71,0,B,Foreign,gpt-4o-mini,-0.14934291938940683,3,917
71,1,B,Foreign,gpt-4o-mini,0.9285916313529015,3,933
71,2,B,Foreign,gpt-4o-mini,-0.1810249308279405,3,866
72,0,B,Foreign,gpt-4o-mini,0.42430948621282977,3,946
72,1,B,Foreign,gpt-4o-mini,0.9348063158492247,3,930
72,2,B,Foreign,gpt-4o-mini,-0.23401120180884996,3,886
73,0,B,Foreign,gpt-4o-mini,0.2902673228333394,3,943
73,1,B,Foreign,gpt-4o-mini,0.29644104776283103,3,976
73,2,B,Foreign,gpt-4o-mini,0.12433806930979092,3,905
74,0,B,Foreign,gpt-4o-mini,-0.3095700913884987,3,963
74,1,B,Foreign,gpt-4o-mini,0.2287567357222239,3,863
74,2,B,Foreign,gpt-4o-mini,0.3101947136844198,3,887
75,0,B,Foreign,gpt-4o-mini,0.979532395179073,3,842
75,1,B,Foreign,gpt-4o-mini,0.9659397252059231,3,896
75,2,B,Foreign,gpt-4o-mini,0.9814814506874731,3,926
76,0,B,Foreign,gpt-4o-mini,0.9980172767342689,3,911
76,1,B,Foreign,gpt-4o-mini,0.9925884422264062,3,866
76,2,B,Foreign,gpt-4o-mini,0.9965460242819972,3,870
77,0,B,Foreign,gpt-4o-mini,0.36733223785025376,3,871
77,1,B,Foreign,gpt-4o-mini,0.9601460505703775,3,851
77,2,B,Foreign,gpt-4o-mini,0.9575064531139409,3,906
78,0,B,Foreign,gpt-4o-mini,0.1192712620832026,3,977
78,1,B,Foreign,gpt-4o-mini,0.728818383688728,3,866
78,2,B,Foreign,gpt-4o-mini,0.7200728952884674,3,883
79,0,B,Foreign,gpt-4o-mini,-0.1033691040550669,3,889
79,1,B,Foreign,gpt-4o-mini,-0.2860040919234355,3,920
79,2,B,Foreign,gpt-4o-mini,-0.3192084214339654,3,939
20,0,D,Business,gpt-4o-mini,-0.3559896219521761,3,903
20,1,D,Business,gpt-4o-mini,-0.3233248805627227,3,918
20,2,D,Business,gpt-4o-mini,-0.2080844472705697,3,700
21,0,D,Business,gpt-4o-mini,-0.021565283959110577,3,691
21,1,D,Business,gpt-4o-mini,0.1661927690729499,3,858
21,2,D,Business,gpt-4o-mini,0.30076247205336887,3,842
22,0,D,Business,gpt-4o-mini,-0.1999503212670485,3,685
22,1,D,Business,gpt-4o-mini,-0.31793636238823336,3,800
22,2,D,Business,gpt-4o-mini,-0.3180978111922741,3,791
23,0,D,Business,gpt-4o-mini,-0.3377510959592958,3,836
23,1,D,Business,gpt-4o-mini,-0.3984764735214412,3,921
23,2,D,Business,gpt-4o-mini,-0.9663787144236267,3,821
24,0,D,Business,gpt-4o-mini,0.25036604950825375,3,873
24,1,D,Business,gpt-4o-mini,0.9823605561008056,3,872
24,2,D,Business,gpt-4o-mini,-0.3035885556600988,3,963
25,0,D,Business,gpt-4o-mini,0.29298928876717883,3,830
25,1,D,Business,gpt-4o-mini,-0.03690254564086596,3,841
25,2,D,Business,gpt-4o-mini,0.3165696240030229,3,775
26,0,D,Business,gpt-4o-mini,-0.3842903046558301,3,825
26,1,D,Business,gpt-4o-mini,-0.971647828274096,3,841
26,2,D,Business,gpt-4o-mini,-0.5959053413632015,3,765
27,0,D,Business,gpt-4o-mini,-0.3245951715895596,3,720
27,1,D,Business,gpt-4o-mini,0.26655272642771405,3,813
27,2,D,Business,gpt-4o-mini,0.2825708057110508,3,893
28,0,D,Business,gpt-4o-mini,-0.27433562589188415,3,818
28,1,D,Business,gpt-4o-mini,-0.44389197835698724,3,825
28,2,D,Business,gpt-4o-mini,0.039571086410433054,3,799
29,0,D,Business,gpt-4o-mini,0.2376444051042199,3,875
29,1,D,Business,gpt-4o-mini,0.9455229219359657,3,816
29,2,D,Business,gpt-4o-mini,0.2849856944133838,3,890
30,0,D,Business,gpt-4o-mini,0.3113874801589797,3,785
30,1,D,Business,gpt-4o-mini,-0.40468643869583804,3,822
30,2,D,Business,gpt-4o-mini,0.31945347723861534,3,823
31,0,D,Business,gpt-4o-mini,0.5365967356289426,3,782
31,1,D,Business,gpt-4o-mini,0.2543118403603633,3,847
31,2,D,Business,gpt-4o-mini,-0.34129168807218474,3,915
32,0,D,Business,gpt-4o-mini,0.33907097578048706,3,812
32,1,D,Business,gpt-4o-mini,-0.32904791211088497,3,764
32,2,D,Business,gpt-4o-mini,-0.3038387270644307,3,911
33,0,D,Business,gpt-4o-mini,-0.9785455452705113,3,957
33,1,D,Business,gpt-4o-mini,-0.9256830375331143,3,832
33,2,D,Business,gpt-4o-mini,-0.9841211458745723,3,734
34,0,D,Business,gpt-4o-mini,-0.9924637683046361,3,737
34,1,D,Business,gpt-4o-mini,-0.9622250238899142,3,762
34,2,D,Business,gpt-4o-mini,-0.9801110533686975,3,818
35,0,D,Business,gpt-4o-mini,0.9670002616476268,3,855
35,1,D,Business,gpt-4o-mini,0.6091132927685976,3,839
35,2,D,Business,gpt-4o-mini,0.9600001232077678,3,830
36,0,D,Business,gpt-4o-mini,-0.5500660439332327,3,875
36,1,D,Business,gpt-4o-mini,-0.9088901747018099,3,762
36,2,D,Business,gpt-4o-mini,-0.3715855157934129,3,804
37,0,D,Business,gpt-4o-mini,-0.3486695208897193,3,888
37,1,D,Business,gpt-4o-mini,-0.8978075753742208,3,861
37,2,D,Business,gpt-4o-mini,-0.9639558040071279,3,850
38,0,D,Business,gpt-4o-mini,-0.985938551913326,3,817
38,1,D,Business,gpt-4o-mini,-0.986373755033128,3,877
38,2,D,Business,gpt-4o-mini,-0.9797053229995072,3,749
39,0,D,Business,gpt-4o-mini,-0.28400589525699615,3,859
39,1,D,Business,gpt-4o-mini,0.17876372509635985,3,951
39,2,D,Business,gpt-4o-mini,0.3986663818359375,3,853
40,0,D,Business,gpt-4o-mini,-0.9509850619360805,3,771
40,1,D,Business,gpt-4o-mini,-0.33923090377356857,3,748
40,2,D,Business,gpt-4o-mini,-0.17443339666351676,3,879
41,0,D,Business,gpt-4o-mini,-0.9619125773509344,3,862
41,1,D,Business,gpt-4o-mini,-0.9591971337795258,3,909
41,2,D,Business,gpt-4o-mini,-0.3002112718919913,3,839
42,0,D,Business,gpt-4o-mini,0.9908704561918663,3,681
42,1,D,Business,gpt-4o-mini,0.9966386964855095,3,696
42,2,D,Business,gpt-4o-mini,0.9959601390874013,2,597
43,0,D,Business,gpt-4o-mini,0.2919642914785072,3,764
43,1,D,Business,gpt-4o-mini,0.5967975304617236,3,815
43,2,D,Business,gpt-4o-mini,0.32445250746483606,3,712
44,0,D,Business,gpt-4o-mini,-0.3130380380898714,3,843
44,1,D,Business,gpt-4o-mini,-0.2836120640859008,3,871
44,2,D,Business,gpt-4o-mini,-0.18530377807716528,3,794
45,0,D,Business,gpt-4o-mini,-0.2838288283285995,3,882
45,1,D,Business,gpt-4o-mini,-0.3286507825056712,3,935
45,2,D,Business,gpt-4o-mini,-0.7263781471798817,3,884
46,0,D,Business,gpt-4o-mini,0.9291992848739028,3,885
46,1,D,Business,gpt-4o-mini,-0.04209349056084951,3,798
46,2,D,Business,gpt-4o-mini,0.9879501649799446,3,937
47,0,D,Business,gpt-4o-mini,-0.9900091940847536,3,742
47,1,D,Business,gpt-4o-mini,-0.250621913621823,3,866
47,2,D,Business,gpt-4o-mini,-0.3540739747695625,3,906
48,0,D,Business,gpt-4o-mini,0.3867023577913642,3,842
48,1,D,Business,gpt-4o-mini,0.29758817438657087,3,847
48,2,D,Business,gpt-4o-mini,0.6515573910437524,3,812
49,0,D,Business,gpt-4o-mini,-0.33695633220486343,3,872
49,1,D,Business,gpt-4o-mini,0.31019611718753975,3,777
49,2,D,Business,gpt-4o-mini,-0.1479052936192602,2,702
50,0,D,Foreign,gpt-4o-mini,0.31856741321583587,3,928
50,1,D,Foreign,gpt-4o-mini,-0.36210267804563046,3,880
50,2,D,Foreign,gpt-4o-mini,0.7374169503649076,3,831
51,0,D,Foreign,gpt-4o-mini,0.32113201698909205,3,901
51,1,D,Foreign,gpt-4o-mini,-0.3233058601617813,3,907
51,2,D,Foreign,gpt-4o-mini,0.9207802154123783,3,867
52,0,D,Foreign,gpt-4o-mini,0.3512953980243765,3,749
52,1,D,Foreign,gpt-4o-mini,0.960625076899305,3,905
52,2,D,Foreign,gpt-4o-mini,0.9610992996022105,3,835
53,0,D,Foreign,gpt-4o-mini,-0.0555513797638317,3,776
53,1,D,Foreign,gpt-4o-mini,0.104908412322402,3,825
53,2,D,Foreign,gpt-4o-mini,-0.2953964032543202,3,775
54,0,D,Foreign,gpt-4o-mini,-0.1990532080332438,3,887
54,1,D,Foreign,gpt-4o-mini,0.42591245130946237,3,719
54,2,D,Foreign,gpt-4o-mini,0.23793432535603642,3,748
55,0,D,Foreign,gpt-4o-mini,0.36326082912273705,3,794
55,1,D,Foreign,gpt-4o-mini,0.2107592762913555,3,867
55,2,D,Foreign,gpt-4o-mini,-0.3216331953493257,3,770
56,0,D,Foreign,gpt-4o-mini,-0.9084999410745999,3,784
56,1,D,Foreign,gpt-4o-mini,-0.2724002345154683,3,840
56,2,D,Foreign,gpt-4o-mini,-0.8640889185480773,2,661
57,0,D,Foreign,gpt-4o-mini,-0.4055944923311472,3,840
57,1,D,Foreign,gpt-4o-mini,-0.40357829506198567,3,789
57,2,D,Foreign,gpt-4o-mini,0.15837794014563164,3,857
58,0,D,Foreign,gpt-4o-mini,0.5047181624686345,3,807
58,1,D,Foreign,gpt-4o-mini,0.26615698263049126,3,844
58,2,D,Foreign,gpt-4o-mini,0.6437957162658373,3,796
59,0,D,Foreign,gpt-4o-mini,0.20428718564411005,3,888
59,1,D,Foreign,gpt-4o-mini,0.3002229714766145,3,784
59,2,D,Foreign,gpt-4o-mini,0.3005318542321523,3,834
60,0,D,Foreign,gpt-4o-mini,0.9020733487171432,3,818
60,1,D,Foreign,gpt-4o-mini,-0.30783610402916867,3,891
60,2,D,Foreign,gpt-4o-mini,0.6639579742526015,3,880
61,0,D,Foreign,gpt-4o-mini,-0.7083061076700687,3,828
61,1,D,Foreign,gpt-4o-mini,0.30322249373421073,3,749
61,2,D,Foreign,gpt-4o-mini,-0.14711766364052892,3,705
62,0,D,Foreign,gpt-4o-mini,-0.2842717531990881,3,709
62,1,D,Foreign,gpt-4o-mini,-0.36336444357099634,3,734
62,2,D,Foreign,gpt-4o-mini,-0.9830590404647713,3,760
63,0,D,Foreign,gpt-4o-mini,0.7399933529474462,3,684
63,1,D,Foreign,gpt-4o-mini,0.3845978577931722,3,708
63,2,D,Foreign,gpt-4o-mini,0.6353035215288401,2,672
64,0,D,Foreign,gpt-4o-mini,0.6878761566088846,3,842
64,1,D,Foreign,gpt-4o-mini,0.3832350526936352,3,819
64,2,D,Foreign,gpt-4o-mini,0.13071178272366524,3,940
65,0,D,Foreign,gpt-4o-mini,-0.3320732306068142,3,848
65,1,D,Foreign,gpt-4o-mini,-0.23766092769801617,3,809
65,2,D,Foreign,gpt-4o-mini,-0.44042806948224705,3,851
66,0,D,Foreign,gpt-4o-mini,-0.3503332209462921,3,866
66,1,D,Foreign,gpt-4o-mini,0.32553210699309904,3,830
66,2,D,Foreign,gpt-4o-mini,0.7312989419636627,3,774
67,0,D,Foreign,gpt-4o-mini,-0.23041039425879717,3,857
67,1,D,Foreign,gpt-4o-mini,-0.234218197564284,3,925
67,2,D,Foreign,gpt-4o-mini,-0.9662509364231179,3,845
68,0,D,Foreign,gpt-4o-mini,-0.13525377213954926,3,803
68,1,D,Foreign,gpt-4o-mini,0.9372698683291674,2,677
68,2,D,Foreign,gpt-4o-mini,0.9688636559682587,3,898
69,0,D,Foreign,gpt-4o-mini,0.9717468813372155,3,830
69,1,D,Foreign,gpt-4o-mini,0.4742687529263397,3,833
69,2,D,Foreign,gpt-4o-mini,-0.29799540154635906,3,826
70,0,D,Foreign,gpt-4o-mini,0.8566146422332773,3,897
70,1,D,Foreign,gpt-4o-mini,0.3415429142381375,3,820
70,2,D,Foreign,gpt-4o-mini,0.9468475608155131,3,858
71,0,D,Foreign,gpt-4o-mini,-0.8692866927012801,2,691
71,1,D,Foreign,gpt-4o-mini,-0.10455414994309346,3,850
71,2,D,Foreign,gpt-4o-mini,0.3109071886477371,3,834
72,0,D,Foreign,gpt-4o-mini,0.19921902691324553,3,820
72,1,D,Foreign,gpt-4o-mini,0.24950326482454935,3,799
72,2,D,Foreign,gpt-4o-mini,0.05972719316681226,3,879
73,0,D,Foreign,gpt-4o-mini,-0.33001328135530156,3,828
73,1,D,Foreign,gpt-4o-mini,-0.3190396207695206,3,811
73,2,D,Foreign,gpt-4o-mini,-0.33269875558714074,3,781
74,0,D,Foreign,gpt-4o-mini,0.08127146462599437,3,819
74,1,D,Foreign,gpt-4o-mini,0.2826434414212902,3,801
74,2,D,Foreign,gpt-4o-mini,0.9437392591498792,3,803
75,0,D,Foreign,gpt-4o-mini,0.3329247934743762,3,738
75,1,D,Foreign,gpt-4o-mini,0.9806160418083891,3,679
75,2,D,Foreign,gpt-4o-mini,0.6217820094898343,3,686
76,0,D,Foreign,gpt-4o-mini,0.8932362710280964,3,835
76,1,D,Foreign,gpt-4o-mini,0.9894008506865551,3,877
76,2,D,Foreign,gpt-4o-mini,0.9880972462706268,3,884
77,0,D,Foreign,gpt-4o-mini,0.3210589046745251,3,859
77,1,D,Foreign,gpt-4o-mini,0.7502418228735527,3,866
77,2,D,Foreign,gpt-4o-mini,-0.034629856158668794,3,835
78,0,D,Foreign,gpt-4o-mini,-0.2883698455989361,3,844
78,1,D,Foreign,gpt-4o-mini,-0.8866698984056711,3,835
78,2,D,Foreign,gpt-4o-mini,-0.4881119007865588,3,906
79,0,D,Foreign,gpt-4o-mini,-0.29747835639864206,3,850
79,1,D,Foreign,gpt-4o-mini,-0.3323800240953763,3,825
79,2,D,Foreign,gpt-4o-mini,-0.3192035108804703,3,751
20,0,E,Business,gpt-4o-mini,-0.24635342485271394,2,676
20,1,E,Business,gpt-4o-mini,-0.8455242775380611,3,789
20,2,E,Business,gpt-4o-mini,-0.3338385460277398,3,838
21,0,E,Business,gpt-4o-mini,0.987316680373624,3,778
21,1,E,Business,gpt-4o-mini,0.842375511303544,3,748
21,2,E,Business,gpt-4o-mini,0.2924981905768315,3,849
22,0,E,Business,gpt-4o-mini,0.3260058076120913,3,818
22,1,E,Business,gpt-4o-mini,-0.3064725939960529,3,718
22,2,E,Business,gpt-4o-mini,-0.0540811171134313,3,780
23,0,E,Business,gpt-4o-mini,0.16817585631118467,3,691
23,1,E,Business,gpt-4o-mini,-0.7861609806617101,3,770
23,2,E,Business,gpt-4o-mini,-0.350902003236115,3,839
24,0,E,Business,gpt-4o-mini,-0.3105391110293567,3,904
24,1,E,Business,gpt-4o-mini,-0.38087602984160185,3,854
24,2,E,Business,gpt-4o-mini,0.03580329622491263,4,934
25,0,E,Business,gpt-4o-mini,-0.2687749218894169,3,702
25,1,E,Business,gpt-4o-mini,0.3357442908066635,3,723
25,2,E,Business,gpt-4o-mini,-0.01888299019386371,3,824
26,0,E,Business,gpt-4o-mini,-0.32312016064922017,3,867
26,1,E,Business,gpt-4o-mini,-0.7342218325162927,3,797
26,2,E,Business,gpt-4o-mini,-0.9495836120719711,3,800
27,0,E,Business,gpt-4o-mini,-0.15953777132866284,3,709
27,1,E,Business,gpt-4o-mini,-0.9730043113231659,3,799
27,2,E,Business,gpt-4o-mini,-0.5977398306131363,3,817
28,0,E,Business,gpt-4o-mini,0.3075750668067485,3,762
28,1,E,Business,gpt-4o-mini,0.7894660364836454,3,866
28,2,E,Business,gpt-4o-mini,-0.03145591417948405,3,779
29,0,E,Business,gpt-4o-mini,0.8903999229272207,3,840
29,1,E,Business,gpt-4o-mini,0.4502649219551434,3,800
29,2,E,Business,gpt-4o-mini,0.28589557359615964,3,852
30,0,E,Business,gpt-4o-mini,-0.28176423721015453,3,809
30,1,E,Business,gpt-4o-mini,-0.21445562302445373,3,798
30,2,E,Business,gpt-4o-mini,-0.33106766485919553,3,797
31,0,E,Business,gpt-4o-mini,-0.3758193167547385,3,831
31,1,E,Business,gpt-4o-mini,0.40784816568096477,3,788
31,2,E,Business,gpt-4o-mini,-0.12084023111189406,3,775
32,0,E,Business,gpt-4o-mini,0.6596426273075243,3,736
32,1,E,Business,gpt-4o-mini,-0.06355640882005294,3,770
32,2,E,Business,gpt-4o-mini,0.01140259113162756,2,643
33,0,E,Business,gpt-4o-mini,0.3163659855102499,3,795
33,1,E,Business,gpt-4o-mini,-0.991508118439621,3,760
33,2,E,Business,gpt-4o-mini,-0.3353619532038768,3,735
34,0,E,Business,gpt-4o-mini,-0.29192903482665616,3,907
34,1,E,Business,gpt-4o-mini,-0.313949107658118,3,720
34,2,E,Business,gpt-4o-mini,-0.9771479012755057,3,779
35,0,E,Business,gpt-4o-mini,0.5488345419095518,3,783
35,1,E,Business,gpt-4o-mini,0.9046274010712901,3,790
35,2,E,Business,gpt-4o-mini,0.45053567830473185,3,804
36,0,E,Business,gpt-4o-mini,-0.3907611269969493,3,872
36,1,E,Business,gpt-4o-mini,-0.30888885430370766,3,776
36,2,E,Business,gpt-4o-mini,-0.9380212553466359,3,841
37,0,E,Business,gpt-4o-mini,-0.3062347734036545,3,670
37,1,E,Business,gpt-4o-mini,-0.8477975049366554,3,699
37,2,E,Business,gpt-4o-mini,-0.6447215106648704,3,754
38,0,E,Business,gpt-4o-mini,-0.8831775139163559,3,845
38,1,E,Business,gpt-4o-mini,-0.4282583952105294,3,846
38,2,E,Business,gpt-4o-mini,-0.9486274416558444,3,827
39,0,E,Business,gpt-4o-mini,-0.00819486907372872,3,898
39,1,E,Business,gpt-4o-mini,0.15512160025537014,3,840
39,2,E,Business,gpt-4o-mini,-0.3283918588422239,3,860
40,0,E,Business,gpt-4o-mini,-0.26681665393213433,3,778
40,1,E,Business,gpt-4o-mini,-0.20374365729124597,3,697
40,2,E,Business,gpt-4o-mini,-0.9637681989309689,3,864
41,0,E,Business,gpt-4o-mini,0.3033879032979409,3,871
41,1,E,Business,gpt-4o-mini,-0.9686469775624573,2,707
41,2,E,Business,gpt-4o-mini,-0.923103499536713,3,740
42,0,E,Business,gpt-4o-mini,0.9750302976851041,3,658
42,1,E,Business,gpt-4o-mini,0.9646548798191361,3,730
42,2,E,Business,gpt-4o-mini,0.994709376730801,3,673
43,0,E,Business,gpt-4o-mini,-0.0828208342815439,3,755
43,1,E,Business,gpt-4o-mini,0.28078099850487587,3,702
43,2,E,Business,gpt-4o-mini,0.3407050226815045,3,878
44,0,E,Business,gpt-4o-mini,-0.4533226899802685,3,757
44,1,E,Business,gpt-4o-mini,-0.12910074181854725,3,761
44,2,E,Business,gpt-4o-mini,0.0727235022932291,3,737
45,0,E,Business,gpt-4o-mini,-0.3043359046181043,3,796
45,1,E,Business,gpt-4o-mini,-0.37051149799178046,3,805
45,2,E,Business,gpt-4o-mini,-0.08876494690775871,3,900
46,0,E,Business,gpt-4o-mini,0.6210521468892694,3,806
46,1,E,Business,gpt-4o-mini,0.8912112796679139,2,658
46,2,E,Business,gpt-4o-mini,0.8321747242007405,3,816
47,0,E,Business,gpt-4o-mini,-0.9775192899008592,3,792
47,1,E,Business,gpt-4o-mini,-0.9029824894387275,3,817
47,2,E,Business,gpt-4o-mini,-0.9132284649337331,3,841
48,0,E,Business,gpt-4o-mini,-0.3344391145122548,3,855
48,1,E,Business,gpt-4o-mini,-0.2548256789644559,3,827
48,2,E,Business,gpt-4o-mini,-0.3135238941758871,3,807
49,0,E,Business,gpt-4o-mini,-0.6053683950255314,3,731
49,1,E,Business,gpt-4o-mini,0.3145306801889092,3,694
49,2,E,Business,gpt-4o-mini,0.6577025272417814,3,825
50,0,E,Foreign,gpt-4o-mini,0.024885734543204308,3,768
50,1,E,Foreign,gpt-4o-mini,0.7880765683948994,2,691
50,2,E,Foreign,gpt-4o-mini,0.2424550255139669,3,833
51,0,E,Foreign,gpt-4o-mini,0.8713883010980984,3,849
51,1,E,Foreign,gpt-4o-mini,-0.09124208831538756,3,774
51,2,E,Foreign,gpt-4o-mini,0.5484894225373864,3,768
52,0,E,Foreign,gpt-4o-mini,0.9557393343226673,3,757
52,1,E,Foreign,gpt-4o-mini,0.9674880201928318,2,641
52,2,E,Foreign,gpt-4o-mini,0.9846436496203145,3,772
53,0,E,Foreign,gpt-4o-mini,-0.9864263426279649,2,587
53,1,E,Foreign,gpt-4o-mini,-0.7784439884126186,2,713
53,2,E,Foreign,gpt-4o-mini,0.4546124432235956,2,660
54,0,E,Foreign,gpt-4o-mini,0.40270493827605,3,684
54,1,E,Foreign,gpt-4o-mini,0.9411074784196293,3,721
54,2,E,Foreign,gpt-4o-mini,0.8970569704348842,3,751
55,0,E,Foreign,gpt-4o-mini,-0.2619598439584176,3,781
55,1,E,Foreign,gpt-4o-mini,0.2624742314219475,3,847
55,2,E,Foreign,gpt-4o-mini,0.06977390125393867,2,655
56,0,E,Foreign,gpt-4o-mini,0.2981927198513101,3,809
56,1,E,Foreign,gpt-4o-mini,-0.9337729702237993,2,658
56,2,E,Foreign,gpt-4o-mini,-0.25025899211565655,3,671
57,0,E,Foreign,gpt-4o-mini,0.044385082864513,3,823
57,1,E,Foreign,gpt-4o-mini,-0.32645632280036807,3,799
57,2,E,Foreign,gpt-4o-mini,-0.2649407049175352,3,764
58,0,E,Foreign,gpt-4o-mini,0.3782651647925377,3,830
58,1,E,Foreign,gpt-4o-mini,0.03240672964602709,2,697
58,2,E,Foreign,gpt-4o-mini,0.3175703710876405,3,778
59,0,E,Foreign,gpt-4o-mini,0.3607933377691855,3,733
59,1,E,Foreign,gpt-4o-mini,-0.030318250879645348,3,759
59,2,E,Foreign,gpt-4o-mini,0.0034111980348825455,2,661
60,0,E,Foreign,gpt-4o-mini,0.2942658875448008,3,707
60,1,E,Foreign,gpt-4o-mini,0.9327480886131525,3,783
60,2,E,Foreign,gpt-4o-mini,0.32022829074412584,3,834
61,0,E,Foreign,gpt-4o-mini,0.359303317964077,3,732
61,1,E,Foreign,gpt-4o-mini,-0.6787072862498462,2,617
61,2,E,Foreign,gpt-4o-mini,-0.0544213114771992,2,673
62,0,E,Foreign,gpt-4o-mini,-0.74359414819628,3,777
62,1,E,Foreign,gpt-4o-mini,-0.9322850944784781,3,742
62,2,E,Foreign,gpt-4o-mini,-0.32620610389858484,3,801
63,0,E,Foreign,gpt-4o-mini,0.2873223372735083,3,755
63,1,E,Foreign,gpt-4o-mini,-0.19860968412831426,3,740
63,2,E,Foreign,gpt-4o-mini,-0.022259073331952095,2,590
64,0,E,Foreign,gpt-4o-mini,0.4087677540568014,3,829
64,1,E,Foreign,gpt-4o-mini,0.9353523046399156,3,758
64,2,E,Foreign,gpt-4o-mini,-0.23252838601668677,3,843
65,0,E,Foreign,gpt-4o-mini,-0.3912057237078746,3,775
65,1,E,Foreign,gpt-4o-mini,-0.2705917861312628,3,761
65,2,E,Foreign,gpt-4o-mini,0.014117185724899173,3,790
66,0,E,Foreign,gpt-4o-mini,-0.2585559884707133,3,806
66,1,E,Foreign,gpt-4o-mini,-0.8479546258846918,3,716
66,2,E,Foreign,gpt-4o-mini,-0.8233043116827806,3,737
67,0,E,Foreign,gpt-4o-mini,0.7075573801994324,3,723
67,1,E,Foreign,gpt-4o-mini,-0.3509117861588796,3,805
67,2,E,Foreign,gpt-4o-mini,0.07621851035704215,3,811
68,0,E,Foreign,gpt-4o-mini,-0.15683959672848383,3,811
68,1,E,Foreign,gpt-4o-mini,0.28539305242399376,3,730
68,2,E,Foreign,gpt-4o-mini,0.31797668950942654,3,769
69,0,E,Foreign,gpt-4o-mini,0.49117576082547504,3,741
69,1,E,Foreign,gpt-4o-mini,0.733481589704752,3,814
69,2,E,Foreign,gpt-4o-mini,0.3998302537947893,3,768
70,0,E,Foreign,gpt-4o-mini,0.3459861747299631,3,932
70,1,E,Foreign,gpt-4o-mini,0.9874396901577711,3,899
70,2,E,Foreign,gpt-4o-mini,0.9767692040186375,3,884
71,0,E,Foreign,gpt-4o-mini,0.005643146733442943,3,793
71,1,E,Foreign,gpt-4o-mini,-0.5391495721414685,3,902
71,2,E,Foreign,gpt-4o-mini,0.6440643949899822,2,691
72,0,E,Foreign,gpt-4o-mini,0.3528707670047879,3,864
72,1,E,Foreign,gpt-4o-mini,0.9807194493866215,3,740
72,2,E,Foreign,gpt-4o-mini,-0.301560430166622,3,837
73,0,E,Foreign,gpt-4o-mini,0.218728040655454,3,786
73,1,E,Foreign,gpt-4o-mini,0.11387484706938267,3,838
73,2,E,Foreign,gpt-4o-mini,-0.3153722935045759,3,802
74,0,E,Foreign,gpt-4o-mini,0.3550984103931114,3,713
74,1,E,Foreign,gpt-4o-mini,0.29715268158664304,3,734
74,2,E,Foreign,gpt-4o-mini,-0.20682590268552303,3,831
75,0,E,Foreign,gpt-4o-mini,0.5271857899303237,3,848
75,1,E,Foreign,gpt-4o-mini,-0.20831370850404105,3,666
75,2,E,Foreign,gpt-4o-mini,0.8875097495814165,3,749
76,0,E,Foreign,gpt-4o-mini,0.9800544821967682,3,738
76,1,E,Foreign,gpt-4o-mini,0.9588537719100714,2,702
76,2,E,Foreign,gpt-4o-mini,0.8526296972607573,3,745
77,0,E,Foreign,gpt-4o-mini,-0.14624531225611767,3,749
77,1,E,Foreign,gpt-4o-mini,0.6080314232967794,3,707
77,2,E,Foreign,gpt-4o-mini,0.7393868852135105,3,686
78,0,E,Foreign,gpt-4o-mini,-0.8180680886531869,3,831
78,1,E,Foreign,gpt-4o-mini,-0.25393106167515117,3,852
78,2,E,Foreign,gpt-4o-mini,0.9092971921587983,3,781
79,0,E,Foreign,gpt-4o-mini,-0.3103004175548752,3,734
79,1,E,Foreign,gpt-4o-mini,-0.1227588567417115,3,777
79,2,E,Foreign,gpt-4o-mini,-0.3491617947195967,3,815
